timestamp,event_type,severity,user_id,session_id,ip_address,exchange,symbol,action,description,amount,currency,system_component,error_code
2025-06-21T00:09:40.021962+00:00,system_error,high,,1d059916-9df1-4f3a-aac4-1fa83fe354f6,,,,System Error Occurred,Error in Exchange connectivity: Failed to connect to Binance API,,,error_handler,ConnectionError
2025-06-21T00:09:40.021159+00:00,system_error,high,user_001,1d059916-9df1-4f3a-aac4-1fa83fe354f6,,,,System Error Occurred,Error in Parameter validation: Invalid trading parameter: price cannot be negative,,,error_handler,ValueError
2025-06-21T00:09:40.019672+00:00,api_request_failed,low,,1d059916-9df1-4f3a-aac4-1fa83fe354f6,,,,Api Request Failed,API request: DELETE /api/v1/cancel,,,system,
2025-06-21T00:09:40.018940+00:00,api_request_made,low,,1d059916-9df1-4f3a-aac4-1fa83fe354f6,,,,Api Request Made,API request: GET /api/v1/trades,,,system,
2025-06-21T00:09:40.018295+00:00,api_request_made,low,,1d059916-9df1-4f3a-aac4-1fa83fe354f6,,,,Api Request Made,API request: GET /api/v1/balance,,,system,
2025-06-21T00:09:40.017546+00:00,api_request_made,low,,1d059916-9df1-4f3a-aac4-1fa83fe354f6,,,,Api Request Made,API request: POST /api/v1/orders,,,system,
2025-06-21T00:09:40.016910+00:00,system_error,high,,1d059916-9df1-4f3a-aac4-1fa83fe354f6,,,,System Error,Database connection timeout,,,system,
2025-06-21T00:09:40.016056+00:00,service_started,low,,1d059916-9df1-4f3a-aac4-1fa83fe354f6,,,,Service Started,notification_service started successfully,,,system,
2025-06-21T00:09:40.015461+00:00,service_started,low,,1d059916-9df1-4f3a-aac4-1fa83fe354f6,,,,Service Started,risk_manager started successfully,,,system,
2025-06-21T00:09:40.014856+00:00,service_started,low,,1d059916-9df1-4f3a-aac4-1fa83fe354f6,,,,Service Started,price_monitor started successfully,,,system,
2025-06-21T00:09:40.014285+00:00,service_started,low,,1d059916-9df1-4f3a-aac4-1fa83fe354f6,,,,Service Started,trading_engine started successfully,,,system,
2025-06-21T00:09:40.013516+00:00,brute_force_attempt,critical,,1d059916-9df1-4f3a-aac4-1fa83fe354f6,attacker.network.com,,,Brute Force Attempt,Coordinated brute force attack detected,,,security_monitor,
2025-06-21T00:09:40.012549+00:00,suspicious_activity,high,,1d059916-9df1-4f3a-aac4-1fa83fe354f6,suspicious.ip.com,,,Suspicious Activity,Multiple failed login attempts from same IP,,,security_monitor,
2025-06-21T00:09:40.011454+00:00,access_denied,high,user_001,1d059916-9df1-4f3a-aac4-1fa83fe354f6,192.168.1.100,,,Failed access denied,Access event: access_denied,,,access_control,
2025-06-21T00:09:40.010923+00:00,user_login_failed,high,unknown_user,1d059916-9df1-4f3a-aac4-1fa83fe354f6,suspicious.ip.com,,,Failed user login failed,Access event: user_login_failed,,,access_control,
2025-06-21T00:09:40.010373+00:00,user_login_failed,high,unknown_user,1d059916-9df1-4f3a-aac4-1fa83fe354f6,suspicious.ip.com,,,Failed user login failed,Access event: user_login_failed,,,access_control,
2025-06-21T00:09:40.009732+00:00,user_login_failed,high,unknown_user,1d059916-9df1-4f3a-aac4-1fa83fe354f6,suspicious.ip.com,,,Failed user login failed,Access event: user_login_failed,,,access_control,
2025-06-21T00:09:40.009138+00:00,user_login_failed,high,unknown_user,1d059916-9df1-4f3a-aac4-1fa83fe354f6,suspicious.ip.com,,,Failed user login failed,Access event: user_login_failed,,,access_control,
2025-06-21T00:09:40.008410+00:00,user_login_failed,high,unknown_user,1d059916-9df1-4f3a-aac4-1fa83fe354f6,suspicious.ip.com,,,Failed user login failed,Access event: user_login_failed,,,access_control,
2025-06-21T00:09:40.007865+00:00,user_login_success,medium,trader_001,1d059916-9df1-4f3a-aac4-1fa83fe354f6,10.0.0.50,,,Successful user login success,Access event: user_login_success,,,access_control,
2025-06-21T00:09:40.007193+00:00,user_login_success,medium,trader_001,1d059916-9df1-4f3a-aac4-1fa83fe354f6,192.168.1.100,,,Successful user login success,Access event: user_login_success,,,access_control,
2025-06-21T00:09:40.006630+00:00,user_login_success,medium,user_001,1d059916-9df1-4f3a-aac4-1fa83fe354f6,10.0.0.50,,,Successful user login success,Access event: user_login_success,,,access_control,
2025-06-21T00:09:40.006066+00:00,api_key_created,low,,1d059916-9df1-4f3a-aac4-1fa83fe354f6,,,,Api Key Created,API key created for exchange,,,system,
2025-06-21T00:09:40.005470+00:00,config_changed,medium,admin_001,1d059916-9df1-4f3a-aac4-1fa83fe354f6,,,,Changed api_timeout,Configuration change: api_timeout,,,config_manager,
2025-06-21T00:09:40.004579+00:00,config_changed,medium,admin_001,1d059916-9df1-4f3a-aac4-1fa83fe354f6,,,,Changed risk_limit,Configuration change: risk_limit,,,config_manager,
2025-06-21T00:09:40.003836+00:00,config_changed,medium,admin_001,1d059916-9df1-4f3a-aac4-1fa83fe354f6,,,,Changed trading_strategy,Configuration change: trading_strategy,,,config_manager,
2025-06-21T00:09:40.003106+00:00,fee_charged,high,user_001,1d059916-9df1-4f3a-aac4-1fa83fe354f6,,Binance,,Fee Charged 12.5 USDT,Financial transaction: fee_charged,12.5,USDT,financial_manager,
2025-06-21T00:09:40.002078+00:00,withdrawal_initiated,high,user_001,1d059916-9df1-4f3a-aac4-1fa83fe354f6,,Binance,,Withdrawal Initiated 1000.0 USDT,Financial transaction: withdrawal_initiated,1000.0,USDT,financial_manager,
2025-06-21T00:09:40.001448+00:00,deposit_completed,high,user_001,1d059916-9df1-4f3a-aac4-1fa83fe354f6,,Binance,,Deposit Completed 5000.0 USDT,Financial transaction: deposit_completed,5000.0,USDT,financial_manager,
2025-06-21T00:09:40.000791+00:00,position_closed,medium,trader_001,1d059916-9df1-4f3a-aac4-1fa83fe354f6,,Binance,BTC/USDT,LONG 0.1 BTC/USDT at 45500.0,Trade position_closed for BTC/USDT,4550.0,USDT,trading_engine,
2025-06-21T00:09:40.000078+00:00,position_opened,medium,trader_001,1d059916-9df1-4f3a-aac4-1fa83fe354f6,,Binance,BTC/USDT,LONG 0.1 BTC/USDT at 45000.0,Trade position_opened for BTC/USDT,4500.0,USDT,trading_engine,
2025-06-21T00:09:39.999391+00:00,trade_order_failed,high,user_001,1d059916-9df1-4f3a-aac4-1fa83fe354f6,,Binance,ADA/USDT,SELL 0.05 ADA/USDT at 45000.0,Trade trade_order_failed for ADA/USDT,2250.0,USDT,trading_engine,
2025-06-21T00:09:39.998590+00:00,trade_order_failed,high,user_001,1d059916-9df1-4f3a-aac4-1fa83fe354f6,,Kraken,ETH/USDT,SELL 0.05 ETH/USDT at 45000.0,Trade trade_order_failed for ETH/USDT,2250.0,USDT,trading_engine,
2025-06-21T00:09:39.997841+00:00,trade_order_executed,medium,user_002,1d059916-9df1-4f3a-aac4-1fa83fe354f6,,Coinbase,ETH/USDT,BUY 0.084433 ETH/USDT at 61704.5284089424,Trade trade_order_executed for ETH/USDT,5209.8984471522335,USDT,trading_engine,
2025-06-21T00:09:39.996941+00:00,trade_order_placed,medium,user_002,1d059916-9df1-4f3a-aac4-1fa83fe354f6,,Coinbase,ETH/USDT,BUY 0.084433 ETH/USDT at 61739.08,Trade trade_order_placed for ETH/USDT,5212.81574164,USDT,trading_engine,
2025-06-21T00:09:39.995912+00:00,trade_order_executed,medium,trader_001,1d059916-9df1-4f3a-aac4-1fa83fe354f6,,Binance,SOL/USDT,BUY 0.086323 SOL/USDT at 45925.91699152532,Trade trade_order_executed for SOL/USDT,3964.4629324594403,USDT,trading_engine,
2025-06-21T00:09:39.995276+00:00,trade_order_placed,medium,trader_001,1d059916-9df1-4f3a-aac4-1fa83fe354f6,,Binance,SOL/USDT,BUY 0.086323 SOL/USDT at 45913.39,Trade trade_order_placed for SOL/USDT,3963.38156497,USDT,trading_engine,
2025-06-21T00:09:39.994581+00:00,trade_order_executed,medium,admin_001,1d059916-9df1-4f3a-aac4-1fa83fe354f6,,Bybit,BTC/USDT,BUY 0.009651 BTC/USDT at 45419.425766918735,Trade trade_order_executed for BTC/USDT,438.3428780765327,USDT,trading_engine,
2025-06-21T00:09:39.992808+00:00,trade_order_placed,medium,admin_001,1d059916-9df1-4f3a-aac4-1fa83fe354f6,,Bybit,BTC/USDT,BUY 0.009651 BTC/USDT at 45381.34,Trade trade_order_placed for BTC/USDT,437.97531233999996,USDT,trading_engine,
2025-06-19T14:45:15.917156+00:00,system_error,high,,673c6d11-833f-43dc-b776-bc433f865bc5,,,,System Error Occurred,Error in Exchange connectivity: Failed to connect to Binance API,,,error_handler,ConnectionError
2025-06-19T14:45:15.916490+00:00,system_error,high,user_001,673c6d11-833f-43dc-b776-bc433f865bc5,,,,System Error Occurred,Error in Parameter validation: Invalid trading parameter: price cannot be negative,,,error_handler,ValueError
2025-06-19T14:45:15.914060+00:00,api_request_failed,low,,673c6d11-833f-43dc-b776-bc433f865bc5,,,,Api Request Failed,API request: DELETE /api/v1/cancel,,,system,
2025-06-19T14:45:15.913528+00:00,api_request_made,low,,673c6d11-833f-43dc-b776-bc433f865bc5,,,,Api Request Made,API request: GET /api/v1/trades,,,system,
2025-06-19T14:45:15.912992+00:00,api_request_made,low,,673c6d11-833f-43dc-b776-bc433f865bc5,,,,Api Request Made,API request: GET /api/v1/balance,,,system,
2025-06-19T14:45:15.912391+00:00,api_request_made,low,,673c6d11-833f-43dc-b776-bc433f865bc5,,,,Api Request Made,API request: POST /api/v1/orders,,,system,
2025-06-19T14:45:15.911834+00:00,system_error,high,,673c6d11-833f-43dc-b776-bc433f865bc5,,,,System Error,Database connection timeout,,,system,
2025-06-19T14:45:15.911291+00:00,service_started,low,,673c6d11-833f-43dc-b776-bc433f865bc5,,,,Service Started,notification_service started successfully,,,system,
2025-06-19T14:45:15.910583+00:00,service_started,low,,673c6d11-833f-43dc-b776-bc433f865bc5,,,,Service Started,risk_manager started successfully,,,system,
2025-06-19T14:45:15.909904+00:00,service_started,low,,673c6d11-833f-43dc-b776-bc433f865bc5,,,,Service Started,price_monitor started successfully,,,system,
2025-06-19T14:45:15.908831+00:00,service_started,low,,673c6d11-833f-43dc-b776-bc433f865bc5,,,,Service Started,trading_engine started successfully,,,system,
2025-06-19T14:45:15.908101+00:00,brute_force_attempt,critical,,673c6d11-833f-43dc-b776-bc433f865bc5,attacker.network.com,,,Brute Force Attempt,Coordinated brute force attack detected,,,security_monitor,
2025-06-19T14:45:15.907361+00:00,suspicious_activity,high,,673c6d11-833f-43dc-b776-bc433f865bc5,suspicious.ip.com,,,Suspicious Activity,Multiple failed login attempts from same IP,,,security_monitor,
2025-06-19T14:45:15.906473+00:00,access_denied,high,user_001,673c6d11-833f-43dc-b776-bc433f865bc5,192.168.1.100,,,Failed access denied,Access event: access_denied,,,access_control,
2025-06-19T14:45:15.905304+00:00,user_login_failed,high,unknown_user,673c6d11-833f-43dc-b776-bc433f865bc5,suspicious.ip.com,,,Failed user login failed,Access event: user_login_failed,,,access_control,
2025-06-19T14:45:15.901893+00:00,user_login_failed,high,unknown_user,673c6d11-833f-43dc-b776-bc433f865bc5,suspicious.ip.com,,,Failed user login failed,Access event: user_login_failed,,,access_control,
2025-06-19T14:45:15.901311+00:00,user_login_failed,high,unknown_user,673c6d11-833f-43dc-b776-bc433f865bc5,suspicious.ip.com,,,Failed user login failed,Access event: user_login_failed,,,access_control,
2025-06-19T14:45:15.900594+00:00,user_login_failed,high,unknown_user,673c6d11-833f-43dc-b776-bc433f865bc5,suspicious.ip.com,,,Failed user login failed,Access event: user_login_failed,,,access_control,
2025-06-19T14:45:15.899898+00:00,user_login_failed,high,unknown_user,673c6d11-833f-43dc-b776-bc433f865bc5,suspicious.ip.com,,,Failed user login failed,Access event: user_login_failed,,,access_control,
2025-06-19T14:45:15.899297+00:00,user_login_success,medium,admin_001,673c6d11-833f-43dc-b776-bc433f865bc5,192.168.1.100,,,Successful user login success,Access event: user_login_success,,,access_control,
2025-06-19T14:45:15.898735+00:00,user_login_success,medium,user_002,673c6d11-833f-43dc-b776-bc433f865bc5,10.0.0.50,,,Successful user login success,Access event: user_login_success,,,access_control,
2025-06-19T14:45:15.898155+00:00,user_login_success,medium,trader_001,673c6d11-833f-43dc-b776-bc433f865bc5,192.168.1.100,,,Successful user login success,Access event: user_login_success,,,access_control,
2025-06-19T14:45:15.897536+00:00,api_key_created,low,,673c6d11-833f-43dc-b776-bc433f865bc5,,,,Api Key Created,API key created for exchange,,,system,
2025-06-19T14:45:15.896644+00:00,config_changed,medium,admin_001,673c6d11-833f-43dc-b776-bc433f865bc5,,,,Changed api_timeout,Configuration change: api_timeout,,,config_manager,
2025-06-19T14:45:15.894831+00:00,config_changed,medium,admin_001,673c6d11-833f-43dc-b776-bc433f865bc5,,,,Changed risk_limit,Configuration change: risk_limit,,,config_manager,
2025-06-19T14:45:15.892328+00:00,config_changed,medium,admin_001,673c6d11-833f-43dc-b776-bc433f865bc5,,,,Changed trading_strategy,Configuration change: trading_strategy,,,config_manager,
2025-06-19T14:45:15.891475+00:00,fee_charged,high,user_001,673c6d11-833f-43dc-b776-bc433f865bc5,,Binance,,Fee Charged 12.5 USDT,Financial transaction: fee_charged,12.5,USDT,financial_manager,
2025-06-19T14:45:15.890036+00:00,withdrawal_initiated,high,user_001,673c6d11-833f-43dc-b776-bc433f865bc5,,Binance,,Withdrawal Initiated 1000.0 USDT,Financial transaction: withdrawal_initiated,1000.0,USDT,financial_manager,
2025-06-19T14:45:15.889065+00:00,deposit_completed,high,user_001,673c6d11-833f-43dc-b776-bc433f865bc5,,Binance,,Deposit Completed 5000.0 USDT,Financial transaction: deposit_completed,5000.0,USDT,financial_manager,
2025-06-19T14:45:15.887874+00:00,position_closed,medium,trader_001,673c6d11-833f-43dc-b776-bc433f865bc5,,Binance,BTC/USDT,LONG 0.1 BTC/USDT at 45500.0,Trade position_closed for BTC/USDT,4550.0,USDT,trading_engine,
2025-06-19T14:45:15.886624+00:00,position_opened,medium,trader_001,673c6d11-833f-43dc-b776-bc433f865bc5,,Binance,BTC/USDT,LONG 0.1 BTC/USDT at 45000.0,Trade position_opened for BTC/USDT,4500.0,USDT,trading_engine,
2025-06-19T14:45:15.885868+00:00,trade_order_failed,high,user_001,673c6d11-833f-43dc-b776-bc433f865bc5,,Binance,ETH/USDT,SELL 0.05 ETH/USDT at 45000.0,Trade trade_order_failed for ETH/USDT,2250.0,USDT,trading_engine,
2025-06-19T14:45:15.883283+00:00,trade_order_failed,high,admin_001,673c6d11-833f-43dc-b776-bc433f865bc5,,Binance,ETH/USDT,SELL 0.05 ETH/USDT at 45000.0,Trade trade_order_failed for ETH/USDT,2250.0,USDT,trading_engine,
2025-06-19T14:45:15.882287+00:00,trade_order_executed,medium,trader_001,673c6d11-833f-43dc-b776-bc433f865bc5,,Kraken,BTC/USDT,BUY 0.03238 BTC/USDT at 42786.748721747696,Trade trade_order_executed for BTC/USDT,1385.4349236101903,USDT,trading_engine,
2025-06-19T14:45:15.881422+00:00,trade_order_placed,medium,trader_001,673c6d11-833f-43dc-b776-bc433f865bc5,,Kraken,BTC/USDT,BUY 0.03238 BTC/USDT at 42755.74,Trade trade_order_placed for BTC/USDT,1384.4308612,USDT,trading_engine,
2025-06-19T14:45:15.880665+00:00,trade_order_executed,medium,trader_001,673c6d11-833f-43dc-b776-bc433f865bc5,,Kraken,SOL/USDT,BUY 0.009329 SOL/USDT at 57740.059198213785,Trade trade_order_executed for SOL/USDT,538.6570122601364,USDT,trading_engine,
2025-06-19T14:45:15.879880+00:00,trade_order_placed,medium,trader_001,673c6d11-833f-43dc-b776-bc433f865bc5,,Kraken,SOL/USDT,BUY 0.009329 SOL/USDT at 57771.18,Trade trade_order_placed for SOL/USDT,538.94733822,USDT,trading_engine,
2025-06-19T14:45:15.879042+00:00,trade_order_executed,medium,user_001,673c6d11-833f-43dc-b776-bc433f865bc5,,Coinbase,ETH/USDT,BUY 0.009009 ETH/USDT at 44647.707303608746,Trade trade_order_executed for ETH/USDT,402.2311950982112,USDT,trading_engine,
2025-06-19T14:45:15.877185+00:00,trade_order_placed,medium,user_001,673c6d11-833f-43dc-b776-bc433f865bc5,,Coinbase,ETH/USDT,BUY 0.009009 ETH/USDT at 44597.91,Trade trade_order_placed for ETH/USDT,401.78257119,USDT,trading_engine,
2025-06-19T14:43:10.099372+00:00,api_request_failed,low,,2752c604-a36c-416f-929d-aed1911cb6cb,,,,Api Request Failed,API request: DELETE /api/v1/cancel,,,system,
2025-06-19T14:43:10.098867+00:00,api_request_made,low,,2752c604-a36c-416f-929d-aed1911cb6cb,,,,Api Request Made,API request: GET /api/v1/trades,,,system,
2025-06-19T14:43:10.098273+00:00,api_request_made,low,,2752c604-a36c-416f-929d-aed1911cb6cb,,,,Api Request Made,API request: GET /api/v1/balance,,,system,
2025-06-19T14:43:10.097720+00:00,api_request_made,low,,2752c604-a36c-416f-929d-aed1911cb6cb,,,,Api Request Made,API request: POST /api/v1/orders,,,system,
2025-06-19T14:43:10.096790+00:00,system_error,high,,2752c604-a36c-416f-929d-aed1911cb6cb,,,,System Error,Database connection timeout,,,system,
2025-06-19T14:43:10.096191+00:00,service_started,low,,2752c604-a36c-416f-929d-aed1911cb6cb,,,,Service Started,notification_service started successfully,,,system,
2025-06-19T14:43:10.095403+00:00,service_started,low,,2752c604-a36c-416f-929d-aed1911cb6cb,,,,Service Started,risk_manager started successfully,,,system,
2025-06-19T14:43:10.094632+00:00,service_started,low,,2752c604-a36c-416f-929d-aed1911cb6cb,,,,Service Started,price_monitor started successfully,,,system,
2025-06-19T14:43:10.094012+00:00,service_started,low,,2752c604-a36c-416f-929d-aed1911cb6cb,,,,Service Started,trading_engine started successfully,,,system,
2025-06-19T14:43:10.093009+00:00,brute_force_attempt,critical,,2752c604-a36c-416f-929d-aed1911cb6cb,attacker.network.com,,,Brute Force Attempt,Coordinated brute force attack detected,,,security_monitor,
2025-06-19T14:43:10.092209+00:00,suspicious_activity,high,,2752c604-a36c-416f-929d-aed1911cb6cb,suspicious.ip.com,,,Suspicious Activity,Multiple failed login attempts from same IP,,,security_monitor,
2025-06-19T14:43:10.091542+00:00,access_denied,high,user_001,2752c604-a36c-416f-929d-aed1911cb6cb,192.168.1.100,,,Failed access denied,Access event: access_denied,,,access_control,
2025-06-19T14:43:10.089561+00:00,user_login_failed,high,unknown_user,2752c604-a36c-416f-929d-aed1911cb6cb,suspicious.ip.com,,,Failed user login failed,Access event: user_login_failed,,,access_control,
2025-06-19T14:43:10.088486+00:00,user_login_failed,high,unknown_user,2752c604-a36c-416f-929d-aed1911cb6cb,suspicious.ip.com,,,Failed user login failed,Access event: user_login_failed,,,access_control,
2025-06-19T14:43:10.087882+00:00,user_login_failed,high,unknown_user,2752c604-a36c-416f-929d-aed1911cb6cb,suspicious.ip.com,,,Failed user login failed,Access event: user_login_failed,,,access_control,
2025-06-19T14:43:10.087255+00:00,user_login_failed,high,unknown_user,2752c604-a36c-416f-929d-aed1911cb6cb,suspicious.ip.com,,,Failed user login failed,Access event: user_login_failed,,,access_control,
2025-06-19T14:43:10.086106+00:00,user_login_failed,high,unknown_user,2752c604-a36c-416f-929d-aed1911cb6cb,suspicious.ip.com,,,Failed user login failed,Access event: user_login_failed,,,access_control,
2025-06-19T14:43:10.085600+00:00,user_login_success,medium,admin_001,2752c604-a36c-416f-929d-aed1911cb6cb,192.168.1.100,,,Successful user login success,Access event: user_login_success,,,access_control,
2025-06-19T14:43:10.085103+00:00,user_login_success,medium,user_002,2752c604-a36c-416f-929d-aed1911cb6cb,192.168.1.100,,,Successful user login success,Access event: user_login_success,,,access_control,
2025-06-19T14:43:10.084590+00:00,user_login_success,medium,trader_001,2752c604-a36c-416f-929d-aed1911cb6cb,192.168.1.100,,,Successful user login success,Access event: user_login_success,,,access_control,
2025-06-19T14:43:10.084048+00:00,api_key_created,low,,2752c604-a36c-416f-929d-aed1911cb6cb,,,,Api Key Created,API key created for exchange,,,system,
2025-06-19T14:43:10.083141+00:00,config_changed,medium,admin_001,2752c604-a36c-416f-929d-aed1911cb6cb,,,,Changed api_timeout,Configuration change: api_timeout,,,config_manager,
2025-06-19T14:43:10.082041+00:00,config_changed,medium,admin_001,2752c604-a36c-416f-929d-aed1911cb6cb,,,,Changed risk_limit,Configuration change: risk_limit,,,config_manager,
2025-06-19T14:43:10.080777+00:00,config_changed,medium,admin_001,2752c604-a36c-416f-929d-aed1911cb6cb,,,,Changed trading_strategy,Configuration change: trading_strategy,,,config_manager,
2025-06-19T14:43:10.080012+00:00,fee_charged,high,user_001,2752c604-a36c-416f-929d-aed1911cb6cb,,Binance,,Fee Charged 12.5 USDT,Financial transaction: fee_charged,12.5,USDT,financial_manager,
2025-06-19T14:43:10.079226+00:00,withdrawal_initiated,high,user_001,2752c604-a36c-416f-929d-aed1911cb6cb,,Binance,,Withdrawal Initiated 1000.0 USDT,Financial transaction: withdrawal_initiated,1000.0,USDT,financial_manager,
2025-06-19T14:43:10.077738+00:00,deposit_completed,high,user_001,2752c604-a36c-416f-929d-aed1911cb6cb,,Binance,,Deposit Completed 5000.0 USDT,Financial transaction: deposit_completed,5000.0,USDT,financial_manager,
2025-06-19T14:43:10.076466+00:00,position_closed,medium,trader_001,2752c604-a36c-416f-929d-aed1911cb6cb,,Binance,BTC/USDT,LONG 0.1 BTC/USDT at 45500.0,Trade position_closed for BTC/USDT,4550.0,USDT,trading_engine,
2025-06-19T14:43:10.075735+00:00,position_opened,medium,trader_001,2752c604-a36c-416f-929d-aed1911cb6cb,,Binance,BTC/USDT,LONG 0.1 BTC/USDT at 45000.0,Trade position_opened for BTC/USDT,4500.0,USDT,trading_engine,
2025-06-19T14:43:10.074851+00:00,trade_order_failed,high,admin_001,2752c604-a36c-416f-929d-aed1911cb6cb,,Kraken,ADA/USDT,SELL 0.05 ADA/USDT at 45000.0,Trade trade_order_failed for ADA/USDT,2250.0,USDT,trading_engine,
2025-06-19T14:43:10.074158+00:00,trade_order_failed,high,admin_001,2752c604-a36c-416f-929d-aed1911cb6cb,,Binance,SOL/USDT,SELL 0.05 SOL/USDT at 45000.0,Trade trade_order_failed for SOL/USDT,2250.0,USDT,trading_engine,
2025-06-19T14:43:10.073338+00:00,trade_order_executed,medium,trader_001,2752c604-a36c-416f-929d-aed1911cb6cb,,Kraken,SOL/USDT,BUY 0.046441 SOL/USDT at 25669.497937456494,Trade trade_order_executed for SOL/USDT,1192.117153713417,USDT,trading_engine,
2025-06-19T14:43:10.072738+00:00,trade_order_placed,medium,trader_001,2752c604-a36c-416f-929d-aed1911cb6cb,,Kraken,SOL/USDT,BUY 0.046441 SOL/USDT at 25708.09,Trade trade_order_placed for SOL/USDT,1193.90940769,USDT,trading_engine,
2025-06-19T14:43:10.072215+00:00,trade_order_executed,medium,trader_001,2752c604-a36c-416f-929d-aed1911cb6cb,,Binance,ADA/USDT,BUY 0.040651 ADA/USDT at 27050.262745905355,Trade trade_order_executed for ADA/USDT,1099.6202308837985,USDT,trading_engine,
2025-06-19T14:43:10.071631+00:00,trade_order_placed,medium,trader_001,2752c604-a36c-416f-929d-aed1911cb6cb,,Binance,ADA/USDT,BUY 0.040651 ADA/USDT at 27035.93,Trade trade_order_placed for ADA/USDT,1099.03759043,USDT,trading_engine,
2025-06-19T14:43:10.071054+00:00,trade_order_executed,medium,admin_001,2752c604-a36c-416f-929d-aed1911cb6cb,,Binance,ETH/USDT,BUY 0.001204 ETH/USDT at 55071.693805184,Trade trade_order_executed for ETH/USDT,66.30631934144154,USDT,trading_engine,
2025-06-19T14:43:10.069740+00:00,trade_order_placed,medium,admin_001,2752c604-a36c-416f-929d-aed1911cb6cb,,Binance,ETH/USDT,BUY 0.001204 ETH/USDT at 55071.51,Trade trade_order_placed for ETH/USDT,66.30609804000001,USDT,trading_engine,
2025-06-19T14:42:24.760460+00:00,config_changed,medium,admin_001,bfcfd236-d5aa-4c9d-9a2f-68e0018e9fc5,,,,Changed api_timeout,Configuration change: api_timeout,,,config_manager,
2025-06-19T14:42:24.759837+00:00,config_changed,medium,admin_001,bfcfd236-d5aa-4c9d-9a2f-68e0018e9fc5,,,,Changed risk_limit,Configuration change: risk_limit,,,config_manager,
2025-06-19T14:42:24.758866+00:00,config_changed,medium,admin_001,bfcfd236-d5aa-4c9d-9a2f-68e0018e9fc5,,,,Changed trading_strategy,Configuration change: trading_strategy,,,config_manager,
2025-06-19T14:42:24.758343+00:00,fee_charged,high,user_001,bfcfd236-d5aa-4c9d-9a2f-68e0018e9fc5,,Binance,,Fee Charged 12.5 USDT,Financial transaction: fee_charged,12.5,USDT,financial_manager,
2025-06-19T14:42:24.757813+00:00,withdrawal_initiated,high,user_001,bfcfd236-d5aa-4c9d-9a2f-68e0018e9fc5,,Binance,,Withdrawal Initiated 1000.0 USDT,Financial transaction: withdrawal_initiated,1000.0,USDT,financial_manager,
2025-06-19T14:42:24.757175+00:00,deposit_completed,high,user_001,bfcfd236-d5aa-4c9d-9a2f-68e0018e9fc5,,Binance,,Deposit Completed 5000.0 USDT,Financial transaction: deposit_completed,5000.0,USDT,financial_manager,
2025-06-19T14:42:24.756654+00:00,position_closed,medium,trader_001,bfcfd236-d5aa-4c9d-9a2f-68e0018e9fc5,,Binance,BTC/USDT,LONG 0.1 BTC/USDT at 45500.0,Trade position_closed for BTC/USDT,4550.0,USDT,trading_engine,
2025-06-19T14:42:24.756153+00:00,position_opened,medium,trader_001,bfcfd236-d5aa-4c9d-9a2f-68e0018e9fc5,,Binance,BTC/USDT,LONG 0.1 BTC/USDT at 45000.0,Trade position_opened for BTC/USDT,4500.0,USDT,trading_engine,
2025-06-19T14:42:24.755452+00:00,trade_order_failed,high,user_002,bfcfd236-d5aa-4c9d-9a2f-68e0018e9fc5,,Coinbase,ADA/USDT,SELL 0.05 ADA/USDT at 45000.0,Trade trade_order_failed for ADA/USDT,2250.0,USDT,trading_engine,
2025-06-19T14:42:24.754916+00:00,trade_order_failed,high,admin_001,bfcfd236-d5aa-4c9d-9a2f-68e0018e9fc5,,Bybit,ETH/USDT,SELL 0.05 ETH/USDT at 45000.0,Trade trade_order_failed for ETH/USDT,2250.0,USDT,trading_engine,
2025-06-19T14:42:24.754349+00:00,trade_order_executed,medium,admin_001,bfcfd236-d5aa-4c9d-9a2f-68e0018e9fc5,,Binance,ADA/USDT,BUY 0.084679 ADA/USDT at 38310.399162068374,Trade trade_order_executed for ADA/USDT,3244.086290644788,USDT,trading_engine,
2025-06-19T14:42:24.753747+00:00,trade_order_placed,medium,admin_001,bfcfd236-d5aa-4c9d-9a2f-68e0018e9fc5,,Binance,ADA/USDT,BUY 0.084679 ADA/USDT at 38303.15,Trade trade_order_placed for ADA/USDT,3243.4724388500003,USDT,trading_engine,
2025-06-19T14:42:24.753120+00:00,trade_order_executed,medium,trader_001,bfcfd236-d5aa-4c9d-9a2f-68e0018e9fc5,,Bybit,SOL/USDT,BUY 0.052859 SOL/USDT at 48525.361612649474,Trade trade_order_executed for SOL/USDT,2565.0020894830386,USDT,trading_engine,
2025-06-19T14:42:24.752407+00:00,trade_order_placed,medium,trader_001,bfcfd236-d5aa-4c9d-9a2f-68e0018e9fc5,,Bybit,SOL/USDT,BUY 0.052859 SOL/USDT at 48487.04,Trade trade_order_placed for SOL/USDT,2562.9764473600003,USDT,trading_engine,
2025-06-19T14:42:24.744465+00:00,trade_order_executed,medium,user_001,bfcfd236-d5aa-4c9d-9a2f-68e0018e9fc5,,Bybit,ADA/USDT,BUY 0.09706 ADA/USDT at 63452.44091382072,Trade trade_order_executed for ADA/USDT,6158.693915095439,USDT,trading_engine,
2025-06-19T14:42:24.740840+00:00,trade_order_placed,medium,user_001,bfcfd236-d5aa-4c9d-9a2f-68e0018e9fc5,,Bybit,ADA/USDT,BUY 0.09706 ADA/USDT at 63430.81,Trade trade_order_placed for ADA/USDT,6156.5944186,USDT,trading_engine,
2025-06-19T14:35:42.930764+00:00,system_error,critical,,cf7052ad-d785-492d-802d-bafcf6bd99d4,,,,System Error Occurred,Error in Exchange connectivity: Failed to connect to exchange API,,,error_handler,ConnectionError
2025-06-19T14:35:42.929562+00:00,system_error,high,user_001,cf7052ad-d785-492d-802d-bafcf6bd99d4,,,,System Error Occurred,Error in Parameter validation: Invalid trading parameter: stop_loss cannot be negative,,,error_handler,ValueError
2025-06-19T14:35:42.927897+00:00,system_warning,medium,,cf7052ad-d785-492d-802d-bafcf6bd99d4,,,,System Warning,High memory usage detected,,,system,
2025-06-19T14:35:42.927311+00:00,service_started,low,,cf7052ad-d785-492d-802d-bafcf6bd99d4,,,,Service Started,Trading bot service started,,,system,
2025-06-19T14:35:42.926735+00:00,brute_force_attempt,critical,,cf7052ad-d785-492d-802d-bafcf6bd99d4,attacker.evil.com,,,Brute Force Attempt,Automated brute force attack detected,,,security_monitor,
2025-06-19T14:35:42.926198+00:00,suspicious_activity,high,,cf7052ad-d785-492d-802d-bafcf6bd99d4,suspicious.ip.com,,,Suspicious Activity,Multiple failed login attempts from same IP,,,security_monitor,
2025-06-19T14:35:42.925560+00:00,user_login_failed,high,unknown_user,cf7052ad-d785-492d-802d-bafcf6bd99d4,suspicious.ip.com,,,Failed user login failed,Access event: user_login_failed,,,access_control,
2025-06-19T14:35:42.924996+00:00,user_login_failed,high,unknown_user,cf7052ad-d785-492d-802d-bafcf6bd99d4,suspicious.ip.com,,,Failed user login failed,Access event: user_login_failed,,,access_control,
2025-06-19T14:35:42.924307+00:00,user_login_failed,high,unknown_user,cf7052ad-d785-492d-802d-bafcf6bd99d4,suspicious.ip.com,,,Failed user login failed,Access event: user_login_failed,,,access_control,
2025-06-19T14:35:42.923288+00:00,user_login_failed,high,unknown_user,cf7052ad-d785-492d-802d-bafcf6bd99d4,suspicious.ip.com,,,Failed user login failed,Access event: user_login_failed,,,access_control,
2025-06-19T14:35:42.922753+00:00,user_login_failed,high,unknown_user,cf7052ad-d785-492d-802d-bafcf6bd99d4,suspicious.ip.com,,,Failed user login failed,Access event: user_login_failed,,,access_control,
2025-06-19T14:35:42.922181+00:00,user_login_success,medium,user_002,cf7052ad-d785-492d-802d-bafcf6bd99d4,192.168.1.102,,,Successful user login success,Access event: user_login_success,,,access_control,
2025-06-19T14:35:42.921607+00:00,user_login_success,medium,user_001,cf7052ad-d785-492d-802d-bafcf6bd99d4,192.168.1.101,,,Successful user login success,Access event: user_login_success,,,access_control,
2025-06-19T14:35:42.920774+00:00,user_login_success,medium,user_000,cf7052ad-d785-492d-802d-bafcf6bd99d4,192.168.1.100,,,Successful user login success,Access event: user_login_success,,,access_control,
2025-06-19T14:35:42.919603+00:00,config_changed,medium,admin_001,cf7052ad-d785-492d-802d-bafcf6bd99d4,,,,Changed max_position_size,Configuration change: max_position_size,,,config_manager,
2025-06-19T14:35:42.919015+00:00,config_changed,medium,admin_001,cf7052ad-d785-492d-802d-bafcf6bd99d4,,,,Changed trading_strategy,Configuration change: trading_strategy,,,config_manager,
2025-06-19T14:35:42.918413+00:00,withdrawal_initiated,high,user_002,cf7052ad-d785-492d-802d-bafcf6bd99d4,,Coinbase,,Withdrawal Initiated 1000.0 BTC,Financial transaction: withdrawal_initiated,1000.0,BTC,financial_manager,
2025-06-19T14:35:42.917783+00:00,deposit_completed,high,user_001,cf7052ad-d785-492d-802d-bafcf6bd99d4,,Binance,,Deposit Completed 5000.0 USDT,Financial transaction: deposit_completed,5000.0,USDT,financial_manager,
2025-06-19T14:35:42.917144+00:00,deposit_initiated,high,user_001,cf7052ad-d785-492d-802d-bafcf6bd99d4,,Binance,,Deposit Initiated 5000.0 USDT,Financial transaction: deposit_initiated,5000.0,USDT,financial_manager,
2025-06-19T14:35:42.915935+00:00,trade_order_failed,high,user_001,cf7052ad-d785-492d-802d-bafcf6bd99d4,,Coinbase,ETH/USDT,SELL 0.1 ETH/USDT at 3000,Trade trade_order_failed for ETH/USDT,300.0,USDT,trading_engine,
2025-06-19T14:35:42.913079+00:00,trade_order_executed,medium,user_001,cf7052ad-d785-492d-802d-bafcf6bd99d4,,Binance,BTC/USDT,BUY 0.002 BTC/USDT at 45150,Trade trade_order_executed for BTC/USDT,90.3,USDT,trading_engine,
2025-06-19T14:35:42.912384+00:00,trade_order_executed,medium,user_000,cf7052ad-d785-492d-802d-bafcf6bd99d4,,Binance,BTC/USDT,BUY 0.001 BTC/USDT at 45050,Trade trade_order_executed for BTC/USDT,45.050000000000004,USDT,trading_engine,
2025-06-19T14:35:42.911392+00:00,trade_order_placed,medium,user_002,cf7052ad-d785-492d-802d-bafcf6bd99d4,,Binance,BTC/USDT,BUY 0.003 BTC/USDT at 45200,Trade trade_order_placed for BTC/USDT,135.6,USDT,trading_engine,
2025-06-19T14:35:42.906869+00:00,trade_order_placed,medium,user_001,cf7052ad-d785-492d-802d-bafcf6bd99d4,,Binance,BTC/USDT,BUY 0.002 BTC/USDT at 45100,Trade trade_order_placed for BTC/USDT,90.2,USDT,trading_engine,
2025-06-19T14:35:42.904885+00:00,trade_order_placed,medium,user_000,cf7052ad-d785-492d-802d-bafcf6bd99d4,,Binance,BTC/USDT,BUY 0.001 BTC/USDT at 45000,Trade trade_order_placed for BTC/USDT,45.0,USDT,trading_engine,
2025-06-19T14:20:59.028399+00:00,service_started,low,,c422301a-427c-4187-8561-8411a0feeedb,,,,Service Started,Trading bot service started,,,system,
2025-06-19T14:20:59.027654+00:00,suspicious_activity,high,,c422301a-427c-4187-8561-8411a0feeedb,suspicious.ip.com,,,Suspicious Activity,Multiple failed login attempts from same IP,,,security_monitor,
2025-06-19T14:20:59.026630+00:00,user_login_success,medium,user_001,c422301a-427c-4187-8561-8411a0feeedb,192.168.1.100,,,Successful user login success,Access event: user_login_success,,,access_control,
2025-06-19T14:20:59.025493+00:00,config_changed,medium,admin_001,c422301a-427c-4187-8561-8411a0feeedb,,,,Changed trading_strategy,Configuration change: trading_strategy,,,config_manager,
2025-06-19T14:20:59.024371+00:00,deposit_completed,high,user_001,c422301a-427c-4187-8561-8411a0feeedb,,Binance,,Deposit Completed 1000.0 USDT,Financial transaction: deposit_completed,1000.0,USDT,financial_manager,
2025-06-19T14:20:59.019245+00:00,trade_order_executed,medium,user_001,c422301a-427c-4187-8561-8411a0feeedb,,Binance,BTC/USDT,BUY 0.001 BTC/USDT at 45050.0,Trade trade_order_executed for BTC/USDT,45.050000000000004,USDT,trading_engine,
2025-06-19T14:20:59.012644+00:00,trade_order_placed,medium,user_001,c422301a-427c-4187-8561-8411a0feeedb,,Binance,BTC/USDT,BUY 0.001 BTC/USDT at 45000.0,Trade trade_order_placed for BTC/USDT,45.0,USDT,trading_engine,
